,allele,seq_num,start,end,length,core_peptide,peptide,score,rank
0,HLA-DRB1*15:01,1,399,413,15,LVTFKNPHA,RKELLVTFKNPHAKK,0.9662,0.02
1,HLA-DRB1*15:01,1,400,414,15,LVTFKNPHA,KELLVTFKNPHAKKQ,0.971,0.02
2,HLA-DRB1*15:01,1,398,412,15,LVTFKNPHA,NRKELLVTFKNPHAK,0.9499,0.03
3,HLA-DRB1*15:01,1,401,415,15,LVTFKNPHA,ELLVTFKNPHAKKQD,0.9407,0.04
4,HLA-DRB1*15:01,1,291,305,15,IVQYENLKY,IEGKIVQYENLKYTV,0.9399,0.05
5,HLA-DRB1*15:01,1,292,306,15,IVQYENLKY,EGKIVQYENLKYTVI,0.937,0.06
6,HLA-DRB5*01:01,1,540,554,15,YIVIGVGPK,GDSYIVIGVGPKALK,0.8408,0.08
7,HLA-DRB1*15:01,1,290,304,15,IVQYENLKY,KIEGKIVQYENLKYT,0.9197,0.08
8,HLA-DRB4*01:01,1,334,348,15,VEAQLPDYG,APTVEAQLPDYGTLT,0.8663,0.11
9,HLA-DRB3*01:01,1,520,534,15,IVTDKEKPV,ANPIVTDKEKPVNIE,0.8807,0.11
10,HLA-DRB5*01:01,1,206,220,15,IELIKTEAK,TLDIELIKTEAKQPA,0.7967,0.13
11,HLA-DRB4*01:01,1,333,347,15,VEAQLPDYG,QAPTVEAQLPDYGTL,0.8377,0.14
12,HLA-DRB3*01:01,1,519,533,15,IVTDKEKPV,TANPIVTDKEKPVNI,0.8502,0.14
13,HLA-DRB3*01:01,1,469,483,15,FKLDKEVAE,TGKFKLDKEVAETQH,0.8103,0.16
14,HLA-DRB3*01:01,1,518,532,15,IVTDKEKPV,ITANPIVTDKEKPVN,0.8033,0.17
15,HLA-DRB3*01:01,1,468,482,15,FKLDKEVAE,CTGKFKLDKEVAETQ,0.7768,0.18
16,HLA-DRB4*01:01,1,332,346,15,VEAQLPDYG,PQAPTVEAQLPDYGT,0.7852,0.18
17,HLA-DRB1*03:01,1,520,534,15,IVTDKEKPV,ANPIVTDKEKPVNIE,0.9301,0.21
18,HLA-DRB5*01:01,1,539,553,15,YIVIGVGPK,FGDSYIVIGVGPKAL,0.7493,0.22
19,HLA-DRB5*01:01,1,205,219,15,IELIKTEAK,PTLDIELIKTEAKQP,0.7394,0.23
20,HLA-DRB5*01:01,1,538,552,15,YIVIGVGPK,PFGDSYIVIGVGPKA,0.7174,0.26
21,HLA-DRB4*01:01,1,335,349,15,VEAQLPDYG,PTVEAQLPDYGTLTL,0.6933,0.3
22,HLA-DRB3*01:01,1,521,535,15,IVTDKEKPV,NPIVTDKEKPVNIEA,0.7231,0.33
23,HLA-DRB1*03:01,1,519,533,15,IVTDKEKPV,TANPIVTDKEKPVNI,0.9064,0.33
24,HLA-DRB3*02:02,1,515,529,15,ITANPIVTD,GRLITANPIVTDKEK,0.6975,0.35
25,HLA-DRB1*15:01,1,293,307,15,IVQYENLKY,GKIVQYENLKYTVIV,0.84,0.36
26,HLA-DRB1*07:01,1,433,447,15,IQSSGGNNI,ATEIQSSGGNNIFAG,0.8226,0.41
27,HLA-DRB1*03:01,1,518,532,15,IVTDKEKPV,ITANPIVTDKEKPVN,0.8673,0.48
28,HLA-DRB1*03:01,1,231,245,15,ITTDSRCPT,ISNITTDSRCPTQGE,0.8592,0.51
29,HLA-DRB3*01:01,1,467,481,15,FKLDKEVAE,MCTGKFKLDKEVAET,0.6568,0.54
30,HLA-DRB1*07:01,1,432,446,15,IQSSGGNNI,GATEIQSSGGNNIFA,0.7817,0.58
31,HLA-DRB5*01:01,1,541,555,15,YIVIGVGPK,DSYIVIGVGPKALKL,0.595,0.62
32,HLA-DRB5*01:01,1,207,221,15,IELIKTEAK,LDIELIKTEAKQPAT,0.5793,0.65
33,HLA-DRB1*15:01,1,397,411,15,LVTFKNPHA,WNRKELLVTFKNPHA,0.7648,0.65
34,HLA-DRB1*03:01,1,521,535,15,IVTDKEKPV,NPIVTDKEKPVNIEA,0.8331,0.65
35,HLA-DRB3*02:02,1,514,528,15,ITANPIVTD,NGRLITANPIVTDKE,0.5764,0.69
36,HLA-DRB5*01:01,1,462,476,15,YAMCTGKFK,GMSYAMCTGKFKLDK,0.5663,0.7
37,HLA-DRB1*03:01,1,230,244,15,ITTDSRCPT,KISNITTDSRCPTQG,0.8138,0.73
38,HLA-DRB3*01:01,1,470,484,15,FKLDKEVAE,GKFKLDKEVAETQHG,0.5704,0.75
39,HLA-DRB3*01:01,1,517,531,15,IVTDKEKPV,LITANPIVTDKEKPV,0.5361,0.81
40,HLA-DRB3*01:01,1,576,590,15,ILGDTAWDF,RRMAILGDTAWDFGS,0.4851,0.91
41,HLA-DRB5*01:01,1,204,218,15,IELIKTEAK,KPTLDIELIKTEAKQ,0.5184,0.94
42,HLA-DRB3*01:01,1,577,591,15,ILGDTAWDF,RMAILGDTAWDFGSV,0.4812,0.95
43,HLA-DRB3*01:01,1,375,389,15,WFLDLPLPW,HRQWFLDLPLPWTSG,0.4641,0.99
44,HLA-DRB1*15:01,1,402,416,15,LVTFKNPHA,LLVTFKNPHAKKQDV,0.6704,1.1
45,HLA-DRB1*15:01,1,647,661,15,ITLYLGAMV,AVGNITLYLGAMVQA,0.6732,1.1
46,HLA-DRB1*15:01,1,289,303,15,IVQYENLKY,KKIEGKIVQYENLKY,0.6851,1.1
47,HLA-DRB3*02:02,1,516,530,15,ITANPIVTD,RLITANPIVTDKEKP,0.4048,1.3
48,HLA-DRB3*01:01,1,374,388,15,WFLDLPLPW,VHRQWFLDLPLPWTS,0.415,1.3
49,HLA-DRB1*07:01,1,431,445,15,IQSSGGNNI,TGATEIQSSGGNNIF,0.6617,1.3
50,HLA-DRB1*07:01,1,117,131,15,IQRVETWAL,WKHIQRVETWALRHP,0.6627,1.3
51,HLA-DRB1*03:01,1,232,246,15,ITTDSRCPT,SNITTDSRCPTQGEP,0.7146,1.3
52,HLA-DRB4*01:01,1,331,345,15,VEAQLPDYG,TPQAPTVEAQLPDYG,0.3757,1.4
53,HLA-DRB4*01:01,1,8,22,15,MIVAKQERG,GEPHMIVAKQERGKS,0.3767,1.4
54,HLA-DRB1*15:01,1,117,131,15,IQRVETWAL,WKHIQRVETWALRHP,0.6059,1.4
55,HLA-DRB1*03:01,1,229,243,15,ITTDSRCPT,AKISNITTDSRCPTQ,0.696,1.4
56,HLA-DRB1*03:01,1,209,223,15,IKTEAKQPA,IELIKTEAKQPATLR,0.703,1.4
57,HLA-DRB3*01:01,1,466,480,15,FKLDKEVAE,AMCTGKFKLDKEVAE,0.3617,1.5
58,HLA-DRB3*02:02,1,513,527,15,ITANPIVTD,VNGRLITANPIVTDK,0.3625,1.5
59,HLA-DRB5*01:01,1,461,475,15,YAMCTGKFK,KGMSYAMCTGKFKLD,0.4249,1.5
60,HLA-DRB3*01:01,1,575,589,15,ILGDTAWDF,ARRMAILGDTAWDFG,0.3439,1.6
61,HLA-DRB4*01:01,1,9,23,15,MIVAKQERG,EPHMIVAKQERGKSL,0.3529,1.6
62,HLA-DRB1*15:01,1,413,427,15,VVVLGSQEG,KQDVVVLGSQEGAMH,0.5747,1.6
63,HLA-DRB3*02:02,1,196,210,15,MAKNKPTLD,CVTTMAKNKPTLDIE,0.3243,1.7
64,HLA-DRB3*01:01,1,373,387,15,WFLDLPLPW,LVHRQWFLDLPLPWT,0.3312,1.7
65,HLA-DRB3*02:02,1,197,211,15,MAKNKPTLD,VTTMAKNKPTLDIEL,0.3075,1.8
66,HLA-DRB3*02:02,1,469,483,15,FKLDKEVAE,TGKFKLDKEVAETQH,0.3118,1.8
67,HLA-DRB5*01:01,1,488,502,15,YEGADAPCK,IKVKYEGADAPCKIP,0.3938,1.8
68,HLA-DRB5*01:01,1,489,503,15,YEGADAPCK,KVKYEGADAPCKIPF,0.3994,1.8
69,HLA-DRB5*01:01,1,400,414,15,LVTFKNPHA,KELLVTFKNPHAKKQ,0.4018,1.8
70,HLA-DRB1*03:01,1,469,483,15,FKLDKEVAE,TGKFKLDKEVAETQH,0.6243,1.8
71,HLA-DRB1*07:01,1,434,448,15,IQSSGGNNI,TEIQSSGGNNIFAGH,0.5666,1.9
72,HLA-DRB1*03:01,1,208,222,15,IKTEAKQPA,DIELIKTEAKQPATL,0.6188,1.9
73,HLA-DRB3*01:01,1,522,536,15,IVTDKEKPV,PIVTDKEKPVNIEAE,0.2682,2.2
74,HLA-DRB4*01:01,1,400,414,15,LVTFKNPHA,KELLVTFKNPHAKKQ,0.2979,2.2
75,HLA-DRB5*01:01,1,555,569,15,FKKGSSIGK,LNWFKKGSSIGKMFE,0.3449,2.2
76,HLA-DRB1*15:01,1,412,426,15,VVVLGSQEG,KKQDVVVLGSQEGAM,0.4896,2.2
77,HLA-DRB1*03:01,1,517,531,15,IVTDKEKPV,LITANPIVTDKEKPV,0.5625,2.2
78,HLA-DRB1*03:01,1,207,221,15,IKTEAKQPA,LDIELIKTEAKQPAT,0.5692,2.2
79,HLA-DRB1*03:01,1,468,482,15,FKLDKEVAE,CTGKFKLDKEVAETQ,0.5754,2.2
80,HLA-DRB3*02:02,1,520,534,15,IVTDKEKPV,ANPIVTDKEKPVNIE,0.246,2.3
81,HLA-DRB3*02:02,1,468,482,15,FKLDKEVAE,CTGKFKLDKEVAETQ,0.2481,2.3
82,HLA-DRB1*15:01,1,118,132,15,IQRVETWAL,KHIQRVETWALRHPG,0.4782,2.3
83,HLA-DRB1*15:01,1,646,660,15,ITLYLGAMV,IAVGNITLYLGAMVQ,0.4796,2.3
84,HLA-DRB1*07:01,1,118,132,15,IQRVETWAL,KHIQRVETWALRHPG,0.5251,2.3
85,HLA-DRB1*07:01,1,116,130,15,IQRVETWAL,AWKHIQRVETWALRH,0.5341,2.3
86,HLA-DRB3*01:01,1,376,390,15,WFLDLPLPW,RQWFLDLPLPWTSGA,0.2537,2.4
87,HLA-DRB4*01:01,1,326,340,15,ITPQAPTVE,VTATITPQAPTVEAQ,0.2761,2.4
88,HLA-DRB1*03:01,1,210,224,15,IKTEAKQPA,ELIKTEAKQPATLRK,0.5152,2.5
89,HLA-DRB4*01:01,1,327,341,15,ITPQAPTVE,TATITPQAPTVEAQL,0.2636,2.6
90,HLA-DRB5*01:01,1,300,314,15,YTVIVTVHT,NLKYTVIVTVHTGDQ,0.3223,2.6
91,HLA-DRB5*01:01,1,399,413,15,LVTFKNPHA,RKELLVTFKNPHAKK,0.3251,2.6
92,HLA-DRB4*01:01,1,399,413,15,LVTFKNPHA,RKELLVTFKNPHAKK,0.2568,2.7
93,HLA-DRB4*01:01,1,7,21,15,MIVAKQERG,DGEPHMIVAKQERGK,0.259,2.7
94,HLA-DRB1*15:01,1,116,130,15,IQRVETWAL,AWKHIQRVETWALRH,0.4497,2.7
95,HLA-DRB3*02:02,1,300,314,15,YTVIVTVHT,NLKYTVIVTVHTGDQ,0.2009,2.8
96,HLA-DRB1*15:01,1,520,534,15,IVTDKEKPV,ANPIVTDKEKPVNIE,0.4408,2.8
97,HLA-DRB1*03:01,1,577,591,15,ILGDTAWDF,RMAILGDTAWDFGSV,0.4671,2.9
98,HLA-DRB1*07:01,1,300,314,15,YTVIVTVHT,NLKYTVIVTVHTGDQ,0.4707,2.9
99,HLA-DRB3*02:02,1,519,533,15,IVTDKEKPV,TANPIVTDKEKPVNI,0.1915,3.0
